config_id,evidence_match_rate,failure_count,format_valid_rate,generation_contract_valid_rate,grounded_rate,json_valid_rate,mean_e2e_latency_ms,request_count,safety_violation_count,success_count,total_cost_usd,vertical
api_model6_gated_api_provider_route_mm2_hybrid_top5_c4,1.0,0,1.0,1.0,1.0,1.0,1265.2794988360256,40,0,40,0.0006870899999999999,airline
api_model6_gated_api_provider_route_mm2_hybrid_top5_c4,1.0,0,1.0,1.0,1.0,1.0,1205.791388824582,40,0,40,0.0008116300000000003,finance
api_model6_gated_api_provider_route_mm2_hybrid_top5_c4,1.0,0,1.0,1.0,1.0,1.0,1179.9622433201876,40,0,40,0.0006426400000000001,healthcare_admin
api_model6_gated_api_provider_route_mm2_hybrid_top5_c4,1.0,0,1.0,1.0,1.0,1.0,1239.0344617830124,40,0,40,0.0008807300000000002,research_ai
api_model6_gated_api_provider_route_mm2_hybrid_top5_c4,1.0,0,1.0,1.0,1.0,1.0,1207.6609386887867,40,0,40,0.00083632,retail
api_model6_gated_api_provider_route_mm3_compressed_hybrid_top5_c4,1.0,0,1.0,1.0,1.0,1.0,1323.125746671576,40,0,40,0.0006855399999999999,airline
api_model6_gated_api_provider_route_mm3_compressed_hybrid_top5_c4,1.0,0,1.0,1.0,1.0,1.0,1194.8984656773973,40,0,40,0.0008122799999999999,finance
api_model6_gated_api_provider_route_mm3_compressed_hybrid_top5_c4,1.0,0,1.0,1.0,1.0,1.0,1201.270092051709,40,0,40,0.00064184,healthcare_admin
api_model6_gated_api_provider_route_mm3_compressed_hybrid_top5_c4,1.0,0,1.0,1.0,1.0,1.0,1276.4465125801507,40,0,40,0.0008793299999999999,research_ai
api_model6_gated_api_provider_route_mm3_compressed_hybrid_top5_c4,1.0,0,1.0,1.0,1.0,1.0,1318.8911504577845,40,0,40,0.0008356200000000001,retail
api_model6_gated_api_provider_route_mm4_bounded_agentic_c4,1.0,0,1.0,1.0,1.0,1.0,1335.2281828585546,40,0,40,0.0007429400000000002,airline
api_model6_gated_api_provider_route_mm4_bounded_agentic_c4,1.0,0,1.0,1.0,1.0,1.0,1290.1981742936186,40,0,40,0.0008515799999999999,finance
api_model6_gated_api_provider_route_mm4_bounded_agentic_c4,1.0,0,1.0,1.0,1.0,1.0,1261.288490705192,40,0,40,0.0006845899999999998,healthcare_admin
api_model6_gated_api_provider_route_mm4_bounded_agentic_c4,1.0,0,1.0,1.0,1.0,1.0,1357.4515464017168,40,0,40,0.0009212299999999999,research_ai
api_model6_gated_api_provider_route_mm4_bounded_agentic_c4,1.0,0,1.0,1.0,1.0,1.0,1266.2957542052027,40,0,40,0.00088032,retail
self_hosted_model3_7b_sglang_mm2_hybrid_top5_c16,1.0,0,1.0,1.0,1.0,1.0,1956.02462546085,40,0,40,0.0,airline
self_hosted_model3_7b_sglang_mm2_hybrid_top5_c16,1.0,0,1.0,1.0,1.0,1.0,2239.5993935118895,40,0,40,0.0,finance
self_hosted_model3_7b_sglang_mm2_hybrid_top5_c16,1.0,0,1.0,1.0,1.0,1.0,1616.9849273341242,40,0,40,0.0,healthcare_admin
self_hosted_model3_7b_sglang_mm2_hybrid_top5_c16,1.0,0,1.0,1.0,1.0,1.0,2027.3783200012986,40,0,40,0.0,research_ai
self_hosted_model3_7b_sglang_mm2_hybrid_top5_c16,1.0,0,1.0,1.0,1.0,1.0,2454.2188207851723,40,0,40,0.0,retail
self_hosted_model3_7b_sglang_mm2_hybrid_top5_c32,1.0,0,1.0,1.0,1.0,1.0,2685.8332365809474,40,0,40,0.0,airline
self_hosted_model3_7b_sglang_mm2_hybrid_top5_c32,1.0,0,1.0,1.0,1.0,1.0,3067.5547847989947,40,0,40,0.0,finance
self_hosted_model3_7b_sglang_mm2_hybrid_top5_c32,1.0,0,1.0,1.0,1.0,1.0,2290.452835924225,40,0,40,0.0,healthcare_admin
self_hosted_model3_7b_sglang_mm2_hybrid_top5_c32,1.0,0,1.0,1.0,1.0,1.0,3073.3842815854587,40,0,40,0.0,research_ai
self_hosted_model3_7b_sglang_mm2_hybrid_top5_c32,1.0,0,1.0,1.0,1.0,1.0,3459.814420895418,40,0,40,0.0,retail
self_hosted_model3_7b_sglang_mm3_compressed_hybrid_top5_c16,1.0,0,1.0,1.0,1.0,1.0,1902.3542620649096,40,0,40,0.0,airline
self_hosted_model3_7b_sglang_mm3_compressed_hybrid_top5_c16,1.0,0,1.0,1.0,1.0,1.0,2356.5000929345842,40,0,40,0.0,finance
self_hosted_model3_7b_sglang_mm3_compressed_hybrid_top5_c16,1.0,0,1.0,1.0,1.0,1.0,1672.5539764622226,40,0,40,0.0,healthcare_admin
self_hosted_model3_7b_sglang_mm3_compressed_hybrid_top5_c16,1.0,0,1.0,1.0,1.0,1.0,1967.4802435038146,40,0,40,0.0,research_ai
self_hosted_model3_7b_sglang_mm3_compressed_hybrid_top5_c16,1.0,0,1.0,1.0,1.0,1.0,2321.7441049637273,40,0,40,0.0,retail
self_hosted_model3_7b_sglang_mm3_compressed_hybrid_top5_c32,1.0,0,1.0,1.0,1.0,1.0,2796.8118174467236,40,0,40,0.0,airline
self_hosted_model3_7b_sglang_mm3_compressed_hybrid_top5_c32,1.0,0,1.0,1.0,1.0,1.0,3159.5117659540847,40,0,40,0.0,finance
self_hosted_model3_7b_sglang_mm3_compressed_hybrid_top5_c32,1.0,0,1.0,1.0,1.0,1.0,2387.2595145658124,40,0,40,0.0,healthcare_admin
self_hosted_model3_7b_sglang_mm3_compressed_hybrid_top5_c32,1.0,0,1.0,1.0,1.0,1.0,3318.4964422835037,40,0,40,0.0,research_ai
self_hosted_model3_7b_sglang_mm3_compressed_hybrid_top5_c32,1.0,0,1.0,1.0,1.0,1.0,3304.628806747496,40,0,40,0.0,retail
self_hosted_model3_7b_sglang_mm4_bounded_agentic_c32,1.0,0,1.0,1.0,1.0,1.0,2816.208579746308,40,0,40,0.0,airline
self_hosted_model3_7b_sglang_mm4_bounded_agentic_c32,1.0,0,1.0,1.0,1.0,1.0,3387.5195169297513,40,0,40,0.0,finance
self_hosted_model3_7b_sglang_mm4_bounded_agentic_c32,1.0,0,1.0,1.0,1.0,1.0,2240.523409564048,40,0,40,0.0,healthcare_admin
self_hosted_model3_7b_sglang_mm4_bounded_agentic_c32,1.0,0,1.0,1.0,1.0,1.0,3185.682462400291,40,0,40,0.0,research_ai
self_hosted_model3_7b_sglang_mm4_bounded_agentic_c32,1.0,0,1.0,1.0,1.0,1.0,3563.1346711015794,40,0,40,0.0,retail
self_hosted_model3_7b_vllm_mm2_hybrid_top5_c32,1.0,0,1.0,1.0,1.0,1.0,2676.016449055169,40,0,40,0.0,airline
self_hosted_model3_7b_vllm_mm2_hybrid_top5_c32,1.0,0,1.0,1.0,1.0,1.0,3025.1769983558916,40,0,40,0.0,finance
self_hosted_model3_7b_vllm_mm2_hybrid_top5_c32,1.0,0,1.0,1.0,1.0,1.0,2231.303357478464,40,0,40,0.0,healthcare_admin
self_hosted_model3_7b_vllm_mm2_hybrid_top5_c32,1.0,0,1.0,1.0,1.0,1.0,3108.326398889767,40,0,40,0.0,research_ai
self_hosted_model3_7b_vllm_mm2_hybrid_top5_c32,1.0,0,1.0,1.0,1.0,1.0,3075.5343381955754,40,0,40,0.0,retail
self_hosted_model3_7b_vllm_mm3_compressed_hybrid_top5_c32,1.0,0,1.0,1.0,1.0,1.0,2741.0122840024997,40,0,40,0.0,airline
self_hosted_model3_7b_vllm_mm3_compressed_hybrid_top5_c32,1.0,0,1.0,1.0,1.0,1.0,3270.345649891533,40,0,40,0.0,finance
self_hosted_model3_7b_vllm_mm3_compressed_hybrid_top5_c32,1.0,0,1.0,1.0,1.0,1.0,2367.1963442699052,40,0,40,0.0,healthcare_admin
self_hosted_model3_7b_vllm_mm3_compressed_hybrid_top5_c32,1.0,0,1.0,1.0,1.0,1.0,3083.343235705979,40,0,40,0.0,research_ai
self_hosted_model3_7b_vllm_mm3_compressed_hybrid_top5_c32,1.0,0,1.0,1.0,1.0,1.0,3738.291836733697,40,0,40,0.0,retail
self_hosted_model3_7b_vllm_mm4_bounded_agentic_c32,1.0,0,1.0,1.0,1.0,1.0,2745.313172333408,40,0,40,0.0,airline
self_hosted_model3_7b_vllm_mm4_bounded_agentic_c32,1.0,0,1.0,1.0,1.0,1.0,3459.435561747523,40,0,40,0.0,finance
self_hosted_model3_7b_vllm_mm4_bounded_agentic_c32,1.0,0,1.0,1.0,1.0,1.0,2197.3024292034097,40,0,40,0.0,healthcare_admin
self_hosted_model3_7b_vllm_mm4_bounded_agentic_c32,1.0,0,1.0,1.0,1.0,1.0,2786.753885127837,40,0,40,0.0,research_ai
self_hosted_model3_7b_vllm_mm4_bounded_agentic_c32,1.0,0,1.0,1.0,1.0,1.0,3268.431236076867,40,0,40,0.0,retail
