after_evidence_match_rate,after_format_valid_rate,after_generation_contract_valid_rate,after_grounded_rate,after_json_valid_rate,after_mean_e2e_latency_ms,after_safety_violation_count,after_total_cost_usd,before_evidence_match_rate,before_format_valid_rate,before_generation_contract_valid_rate,before_grounded_rate,before_json_valid_rate,before_mean_e2e_latency_ms,before_safety_violation_count,before_total_cost_usd,config_id,delta_evidence_match_rate,delta_format_valid_rate,delta_generation_contract_valid_rate,delta_grounded_rate,delta_json_valid_rate,delta_mean_e2e_latency_ms,delta_safety_violation_count,delta_total_cost_usd,vertical
1.0,1.0,1.0,1.0,1.0,1421.6230664285831,0.0,0.0007708900000000001,0.75,1.0,1.0,0.75,1.0,1265.2794988360256,1.0,0.0006870899999999999,api_model6_gated_api_provider_route_mm2_hybrid_top5_c4,0.25,0.0,0.0,0.25,0.0,156.34356759255752,-1.0,8.38000000000002e-05,airline
1.0,1.0,1.0,1.0,1.0,1253.6922293831594,0.0,0.0008889299999999998,0.975,1.0,1.0,0.975,1.0,1205.791388824582,0.0,0.0008116300000000003,api_model6_gated_api_provider_route_mm2_hybrid_top5_c4,0.025000000000000022,0.0,0.0,0.025000000000000022,0.0,47.90084055857733,0.0,7.729999999999955e-05,finance
1.0,1.0,1.0,1.0,1.0,1246.7677998472936,0.0,0.00071845,0.925,1.0,1.0,0.925,1.0,1179.9622433201876,2.0,0.0006426400000000001,api_model6_gated_api_provider_route_mm2_hybrid_top5_c4,0.07499999999999996,0.0,0.0,0.07499999999999996,0.0,66.80555652710609,-2.0,7.580999999999994e-05,healthcare_admin
1.0,1.0,1.0,1.0,1.0,1210.7211697555613,0.0,0.0009647400000000001,1.0,0.375,0.375,0.375,1.0,1239.0344617830124,0.0,0.0008807300000000002,api_model6_gated_api_provider_route_mm2_hybrid_top5_c4,0.0,0.625,0.625,0.625,0.0,-28.313292027451098,0.0,8.400999999999981e-05,research_ai
1.0,1.0,1.0,1.0,1.0,1244.1309406596702,0.0,0.00091645,1.0,1.0,1.0,1.0,1.0,1207.6609386887867,0.0,0.00083632,api_model6_gated_api_provider_route_mm2_hybrid_top5_c4,0.0,0.0,0.0,0.0,0.0,36.47000197088346,0.0,8.012999999999998e-05,retail
1.0,1.0,1.0,1.0,1.0,1356.636776519008,0.0,0.0007707899999999999,0.8,1.0,1.0,0.8,1.0,1323.125746671576,0.0,0.0006855399999999999,api_model6_gated_api_provider_route_mm3_compressed_hybrid_top5_c4,0.19999999999999996,0.0,0.0,0.19999999999999996,0.0,33.51102984743193,0.0,8.525000000000004e-05,airline
1.0,1.0,1.0,1.0,1.0,1249.9378713197075,0.0,0.0008851299999999999,0.975,1.0,1.0,0.975,1.0,1194.8984656773973,0.0,0.0008122799999999999,api_model6_gated_api_provider_route_mm3_compressed_hybrid_top5_c4,0.025000000000000022,0.0,0.0,0.025000000000000022,0.0,55.03940564231016,0.0,7.285000000000006e-05,finance
1.0,1.0,1.0,1.0,1.0,1236.250260140514,0.0,0.0007182000000000003,0.925,1.0,1.0,0.925,1.0,1201.270092051709,3.0,0.00064184,api_model6_gated_api_provider_route_mm3_compressed_hybrid_top5_c4,0.07499999999999996,0.0,0.0,0.07499999999999996,0.0,34.98016808880493,-3.0,7.636000000000036e-05,healthcare_admin
1.0,1.0,1.0,1.0,1.0,1235.0697258953005,0.0,0.0009693899999999999,1.0,0.3,0.3,0.3,1.0,1276.4465125801507,0.0,0.0008793299999999999,api_model6_gated_api_provider_route_mm3_compressed_hybrid_top5_c4,0.0,0.7,0.7,0.7,0.0,-41.37678668485023,0.0,9.005999999999999e-05,research_ai
1.0,1.0,1.0,1.0,1.0,1279.3855881493073,0.0,0.0009153999999999997,1.0,0.975,0.975,0.975,1.0,1318.8911504577845,0.0,0.0008356200000000001,api_model6_gated_api_provider_route_mm3_compressed_hybrid_top5_c4,0.0,0.025000000000000022,0.025000000000000022,0.025000000000000022,0.0,-39.50556230847724,0.0,7.977999999999956e-05,retail
1.0,1.0,1.0,1.0,1.0,1368.792174977716,0.0,0.00082904,0.85,1.0,1.0,0.85,1.0,1335.2281828585546,1.0,0.0007429400000000002,api_model6_gated_api_provider_route_mm4_bounded_agentic_c4,0.15000000000000002,0.0,0.0,0.15000000000000002,0.0,33.56399211916141,-1.0,8.609999999999976e-05,airline
1.0,1.0,1.0,1.0,1.0,1292.1941164357122,0.0,0.00094778,1.0,1.0,1.0,1.0,1.0,1290.1981742936186,0.0,0.0008515799999999999,api_model6_gated_api_provider_route_mm4_bounded_agentic_c4,0.0,0.0,0.0,0.0,0.0,1.9959421420935541,0.0,9.620000000000006e-05,finance
1.0,1.0,1.0,1.0,1.0,1234.2246755724773,0.0,0.0007747499999999999,0.95,1.0,1.0,0.95,1.0,1261.288490705192,2.0,0.0006845899999999998,api_model6_gated_api_provider_route_mm4_bounded_agentic_c4,0.050000000000000044,0.0,0.0,0.050000000000000044,0.0,-27.063815132714808,-2.0,9.016000000000015e-05,healthcare_admin
1.0,1.0,1.0,1.0,1.0,1213.2431136036757,0.0,0.0010270400000000001,1.0,0.975,0.975,0.975,1.0,1357.4515464017168,0.0,0.0009212299999999999,api_model6_gated_api_provider_route_mm4_bounded_agentic_c4,0.0,0.025000000000000022,0.025000000000000022,0.025000000000000022,0.0,-144.20843279804103,0.0,0.00010581000000000024,research_ai
1.0,1.0,1.0,1.0,1.0,1273.2614152191672,0.0,0.0009716500000000001,0.975,1.0,1.0,0.975,1.0,1266.2957542052027,0.0,0.00088032,api_model6_gated_api_provider_route_mm4_bounded_agentic_c4,0.025000000000000022,0.0,0.0,0.025000000000000022,0.0,6.965661013964564,0.0,9.133000000000014e-05,retail
1.0,1.0,1.0,1.0,1.0,1066.1483065632638,0.0,0.0,0.775,1.0,1.0,0.775,1.0,1956.02462546085,0.0,0.0,self_hosted_model3_7b_sglang_mm2_hybrid_top5_c16,0.22499999999999998,0.0,0.0,0.22499999999999998,0.0,-889.8763188975863,0.0,0.0,airline
1.0,1.0,1.0,1.0,1.0,984.3609910923988,0.0,0.0,1.0,1.0,1.0,1.0,1.0,2239.5993935118895,0.0,0.0,self_hosted_model3_7b_sglang_mm2_hybrid_top5_c16,0.0,0.0,0.0,0.0,0.0,-1255.2384024194907,0.0,0.0,finance
1.0,1.0,1.0,1.0,1.0,920.9441208629869,0.0,0.0,0.9,1.0,1.0,0.9,1.0,1616.9849273341242,1.0,0.0,self_hosted_model3_7b_sglang_mm2_hybrid_top5_c16,0.09999999999999998,0.0,0.0,0.09999999999999998,0.0,-696.0408064711373,-1.0,0.0,healthcare_admin
1.0,1.0,1.0,1.0,1.0,793.3452755212784,0.0,0.0,0.0,0.0,0.0,0.0,1.0,2027.3783200012986,0.0,0.0,self_hosted_model3_7b_sglang_mm2_hybrid_top5_c16,1.0,1.0,1.0,1.0,0.0,-1234.0330444800202,0.0,0.0,research_ai
1.0,1.0,1.0,1.0,1.0,972.549911274109,0.0,0.0,0.975,1.0,1.0,0.975,1.0,2454.2188207851723,0.0,0.0,self_hosted_model3_7b_sglang_mm2_hybrid_top5_c16,0.025000000000000022,0.0,0.0,0.025000000000000022,0.0,-1481.6689095110632,0.0,0.0,retail
1.0,1.0,1.0,1.0,1.0,1000.308137567481,0.0,0.0,0.8,1.0,1.0,0.8,1.0,2685.8332365809474,0.0,0.0,self_hosted_model3_7b_sglang_mm2_hybrid_top5_c32,0.19999999999999996,0.0,0.0,0.19999999999999996,0.0,-1685.5250990134664,0.0,0.0,airline
1.0,1.0,1.0,1.0,1.0,894.7767423698679,0.0,0.0,1.0,1.0,1.0,1.0,1.0,3067.5547847989947,0.0,0.0,self_hosted_model3_7b_sglang_mm2_hybrid_top5_c32,0.0,0.0,0.0,0.0,0.0,-2172.778042429127,0.0,0.0,finance
1.0,1.0,1.0,1.0,1.0,865.7205095805693,0.0,0.0,0.875,1.0,1.0,0.875,1.0,2290.452835924225,1.0,0.0,self_hosted_model3_7b_sglang_mm2_hybrid_top5_c32,0.125,0.0,0.0,0.125,0.0,-1424.7323263436556,-1.0,0.0,healthcare_admin
1.0,1.0,1.0,1.0,1.0,706.5909369906876,0.0,0.0,0.0,0.0,0.0,0.0,1.0,3073.3842815854587,0.0,0.0,self_hosted_model3_7b_sglang_mm2_hybrid_top5_c32,1.0,1.0,1.0,1.0,0.0,-2366.793344594771,0.0,0.0,research_ai
1.0,1.0,1.0,1.0,1.0,899.8014468175825,0.0,0.0,0.975,1.0,1.0,0.975,1.0,3459.814420895418,0.0,0.0,self_hosted_model3_7b_sglang_mm2_hybrid_top5_c32,0.025000000000000022,0.0,0.0,0.025000000000000022,0.0,-2560.0129740778357,0.0,0.0,retail
1.0,1.0,1.0,1.0,1.0,1010.920542984968,0.0,0.0,0.775,1.0,1.0,0.775,1.0,1902.3542620649096,0.0,0.0,self_hosted_model3_7b_sglang_mm3_compressed_hybrid_top5_c16,0.22499999999999998,0.0,0.0,0.22499999999999998,0.0,-891.4337190799415,0.0,0.0,airline
1.0,1.0,1.0,1.0,1.0,905.2871774008963,0.0,0.0,0.85,1.0,1.0,0.85,1.0,2356.5000929345842,0.0,0.0,self_hosted_model3_7b_sglang_mm3_compressed_hybrid_top5_c16,0.15000000000000002,0.0,0.0,0.15000000000000002,0.0,-1451.212915533688,0.0,0.0,finance
1.0,1.0,1.0,1.0,1.0,863.4236496989615,0.0,0.0,0.875,1.0,1.0,0.875,1.0,1672.5539764622226,1.0,0.0,self_hosted_model3_7b_sglang_mm3_compressed_hybrid_top5_c16,0.125,0.0,0.0,0.125,0.0,-809.1303267632611,-1.0,0.0,healthcare_admin
1.0,1.0,1.0,1.0,1.0,714.8468429513741,0.0,0.0,0.0,0.0,0.0,0.0,1.0,1967.4802435038146,0.0,0.0,self_hosted_model3_7b_sglang_mm3_compressed_hybrid_top5_c16,1.0,1.0,1.0,1.0,0.0,-1252.6334005524404,0.0,0.0,research_ai
1.0,1.0,1.0,1.0,1.0,913.242566306144,0.0,0.0,0.925,1.0,1.0,0.925,1.0,2321.7441049637273,0.0,0.0,self_hosted_model3_7b_sglang_mm3_compressed_hybrid_top5_c16,0.07499999999999996,0.0,0.0,0.07499999999999996,0.0,-1408.5015386575833,0.0,0.0,retail
1.0,1.0,1.0,1.0,1.0,1060.0426448567305,0.0,0.0,0.775,1.0,1.0,0.775,1.0,2796.8118174467236,0.0,0.0,self_hosted_model3_7b_sglang_mm3_compressed_hybrid_top5_c32,0.22499999999999998,0.0,0.0,0.22499999999999998,0.0,-1736.769172589993,0.0,0.0,airline
1.0,1.0,1.0,1.0,1.0,1000.0904711952899,0.0,0.0,0.825,1.0,1.0,0.825,1.0,3159.5117659540847,0.0,0.0,self_hosted_model3_7b_sglang_mm3_compressed_hybrid_top5_c32,0.17500000000000004,0.0,0.0,0.17500000000000004,0.0,-2159.421294758795,0.0,0.0,finance
1.0,1.0,1.0,1.0,1.0,916.1590507428627,0.0,0.0,0.9,1.0,1.0,0.9,1.0,2387.2595145658124,1.0,0.0,self_hosted_model3_7b_sglang_mm3_compressed_hybrid_top5_c32,0.09999999999999998,0.0,0.0,0.09999999999999998,0.0,-1471.1004638229497,-1.0,0.0,healthcare_admin
1.0,1.0,1.0,1.0,1.0,803.185776429018,0.0,0.0,0.0,0.0,0.0,0.0,1.0,3318.4964422835037,0.0,0.0,self_hosted_model3_7b_sglang_mm3_compressed_hybrid_top5_c32,1.0,1.0,1.0,1.0,0.0,-2515.3106658544857,0.0,0.0,research_ai
1.0,1.0,1.0,1.0,1.0,1004.994199576322,0.0,0.0,0.95,1.0,1.0,0.95,1.0,3304.628806747496,0.0,0.0,self_hosted_model3_7b_sglang_mm3_compressed_hybrid_top5_c32,0.050000000000000044,0.0,0.0,0.050000000000000044,0.0,-2299.634607171174,0.0,0.0,retail
1.0,1.0,1.0,1.0,1.0,1035.1036637439393,0.0,0.0,0.8,1.0,1.0,0.8,1.0,2816.208579746308,0.0,0.0,self_hosted_model3_7b_sglang_mm4_bounded_agentic_c32,0.19999999999999996,0.0,0.0,0.19999999999999996,0.0,-1781.1049160023686,0.0,0.0,airline
1.0,1.0,1.0,1.0,1.0,985.1893131854013,0.0,0.0,0.975,1.0,1.0,0.975,1.0,3387.5195169297513,0.0,0.0,self_hosted_model3_7b_sglang_mm4_bounded_agentic_c32,0.025000000000000022,0.0,0.0,0.025000000000000022,0.0,-2402.33020374435,0.0,0.0,finance
1.0,1.0,1.0,1.0,1.0,928.3387349976692,1.0,0.0,0.825,1.0,1.0,0.825,1.0,2240.523409564048,1.0,0.0,self_hosted_model3_7b_sglang_mm4_bounded_agentic_c32,0.17500000000000004,0.0,0.0,0.17500000000000004,0.0,-1312.1846745663788,0.0,0.0,healthcare_admin
1.0,1.0,1.0,1.0,1.0,777.7511285501532,0.0,0.0,0.025,0.025,0.025,0.025,1.0,3185.682462400291,0.0,0.0,self_hosted_model3_7b_sglang_mm4_bounded_agentic_c32,0.975,0.975,0.975,0.975,0.0,-2407.931333850138,0.0,0.0,research_ai
1.0,1.0,1.0,1.0,1.0,965.8437866950408,0.0,0.0,0.925,1.0,1.0,0.925,1.0,3563.1346711015794,0.0,0.0,self_hosted_model3_7b_sglang_mm4_bounded_agentic_c32,0.07499999999999996,0.0,0.0,0.07499999999999996,0.0,-2597.2908844065387,0.0,0.0,retail
