layout_id,longest_exact_common_prefix_tokens,mean_input_tokens,mean_reusable_token_ratio,median_input_tokens,memory_mode,p95_input_tokens,p99_input_tokens,request_count,scenario_id,source,variable_suffix_tokens_mean,vertical
baseline_prompt_layout_v1,29,384.5135,0.075436,384.0,mm0_no_context,396.0,403.0,2000,coreopt_prefix_layout_static_v1,static_analysis,355.5135,airline
baseline_prompt_layout_v1,29,379.812,0.076366,381.0,mm0_no_context,387.0,392.0,2000,coreopt_prefix_layout_static_v1,static_analysis,350.812,finance
baseline_prompt_layout_v1,29,376.3655,0.077056,377.0,mm0_no_context,379.0,380.0,2000,coreopt_prefix_layout_static_v1,static_analysis,347.3655,healthcare_admin
baseline_prompt_layout_v1,29,383.959,0.075558,384.0,mm0_no_context,397.0,409.01,2000,coreopt_prefix_layout_static_v1,static_analysis,354.959,research_ai
baseline_prompt_layout_v1,29,383.4245,0.075678,384.0,mm0_no_context,399.0,404.0,2000,coreopt_prefix_layout_static_v1,static_analysis,354.4245,retail
baseline_prompt_layout_v1,29,917.344,0.031789,923.0,mm1_dense_top5,1009.0,1066.07,2000,coreopt_prefix_layout_static_v1,static_analysis,888.344,airline
baseline_prompt_layout_v1,29,1061.8985,0.027552,1046.0,mm1_dense_top5,1308.0,1631.55,2000,coreopt_prefix_layout_static_v1,static_analysis,1032.8985,finance
baseline_prompt_layout_v1,29,934.147,0.031222,916.0,mm1_dense_top5,1055.0,1064.0,2000,coreopt_prefix_layout_static_v1,static_analysis,905.147,healthcare_admin
baseline_prompt_layout_v1,29,1114.9315,0.026693,1025.0,mm1_dense_top5,1552.0,1737.0,2000,coreopt_prefix_layout_static_v1,static_analysis,1085.9315,research_ai
baseline_prompt_layout_v1,29,987.6565,0.029707,971.0,mm1_dense_top5,1228.0,1342.01,2000,coreopt_prefix_layout_static_v1,static_analysis,958.6565,retail
baseline_prompt_layout_v1,29,892.2195,0.032615,888.0,mm2_hybrid_top5,984.0,1000.0,2000,coreopt_prefix_layout_static_v1,static_analysis,863.2195,airline
baseline_prompt_layout_v1,29,1067.805,0.02741,1045.0,mm2_hybrid_top5,1404.45,1594.0,2000,coreopt_prefix_layout_static_v1,static_analysis,1038.805,finance
baseline_prompt_layout_v1,29,878.238,0.033183,902.0,mm2_hybrid_top5,985.0,996.0,2000,coreopt_prefix_layout_static_v1,static_analysis,849.238,healthcare_admin
baseline_prompt_layout_v1,29,1168.192,0.025662,1050.0,mm2_hybrid_top5,1621.0,1849.0,2000,coreopt_prefix_layout_static_v1,static_analysis,1139.192,research_ai
baseline_prompt_layout_v1,29,1000.408,0.029318,981.0,mm2_hybrid_top5,1245.0,1332.06,2000,coreopt_prefix_layout_static_v1,static_analysis,971.408,retail
baseline_prompt_layout_v1,29,834.796,0.034817,829.0,mm3_compressed_hybrid_top5,906.0,920.0,2000,coreopt_prefix_layout_static_v1,static_analysis,805.796,airline
baseline_prompt_layout_v1,29,947.4135,0.030818,938.0,mm3_compressed_hybrid_top5,1183.55,1318.0,2000,coreopt_prefix_layout_static_v1,static_analysis,918.4135,finance
baseline_prompt_layout_v1,29,828.492,0.035109,846.0,mm3_compressed_hybrid_top5,907.0,915.0,2000,coreopt_prefix_layout_static_v1,static_analysis,799.492,healthcare_admin
baseline_prompt_layout_v1,29,1009.894,0.029402,927.0,mm3_compressed_hybrid_top5,1343.0,1490.0,2000,coreopt_prefix_layout_static_v1,static_analysis,980.894,research_ai
baseline_prompt_layout_v1,29,895.1675,0.032675,882.5,mm3_compressed_hybrid_top5,1084.0,1149.15,2000,coreopt_prefix_layout_static_v1,static_analysis,866.1675,retail
prefix_optimized_prompt_layout_v1,358,384.5135,0.931246,384.0,mm0_no_context,396.0,403.0,2000,coreopt_prefix_layout_static_v1,static_analysis,26.5135,airline
prefix_optimized_prompt_layout_v1,358,379.812,0.942719,381.0,mm0_no_context,387.0,392.0,2000,coreopt_prefix_layout_static_v1,static_analysis,21.812,finance
prefix_optimized_prompt_layout_v1,358,376.3655,0.951248,377.0,mm0_no_context,379.0,380.0,2000,coreopt_prefix_layout_static_v1,static_analysis,18.3655,healthcare_admin
prefix_optimized_prompt_layout_v1,358,383.959,0.93275,384.0,mm0_no_context,397.0,409.01,2000,coreopt_prefix_layout_static_v1,static_analysis,25.959,research_ai
prefix_optimized_prompt_layout_v1,358,383.4245,0.934234,384.0,mm0_no_context,399.0,404.0,2000,coreopt_prefix_layout_static_v1,static_analysis,25.4245,retail
prefix_optimized_prompt_layout_v1,358,917.344,0.39243,923.0,mm1_dense_top5,1009.0,1066.07,2000,coreopt_prefix_layout_static_v1,static_analysis,559.344,airline
prefix_optimized_prompt_layout_v1,358,1061.8985,0.34012,1046.0,mm1_dense_top5,1308.0,1631.55,2000,coreopt_prefix_layout_static_v1,static_analysis,703.8985,finance
prefix_optimized_prompt_layout_v1,358,934.147,0.385431,916.0,mm1_dense_top5,1055.0,1064.0,2000,coreopt_prefix_layout_static_v1,static_analysis,576.147,healthcare_admin
prefix_optimized_prompt_layout_v1,358,1114.9315,0.329519,1025.0,mm1_dense_top5,1552.0,1737.0,2000,coreopt_prefix_layout_static_v1,static_analysis,756.9315,research_ai
prefix_optimized_prompt_layout_v1,358,987.6565,0.366734,971.0,mm1_dense_top5,1228.0,1342.01,2000,coreopt_prefix_layout_static_v1,static_analysis,629.6565,retail
prefix_optimized_prompt_layout_v1,358,892.2195,0.402622,888.0,mm2_hybrid_top5,984.0,1000.0,2000,coreopt_prefix_layout_static_v1,static_analysis,534.2195,airline
prefix_optimized_prompt_layout_v1,358,1067.805,0.338369,1045.0,mm2_hybrid_top5,1404.45,1594.0,2000,coreopt_prefix_layout_static_v1,static_analysis,709.805,finance
prefix_optimized_prompt_layout_v1,358,878.238,0.409634,902.0,mm2_hybrid_top5,985.0,996.0,2000,coreopt_prefix_layout_static_v1,static_analysis,520.238,healthcare_admin
prefix_optimized_prompt_layout_v1,358,1168.192,0.316788,1050.0,mm2_hybrid_top5,1621.0,1849.0,2000,coreopt_prefix_layout_static_v1,static_analysis,810.192,research_ai
prefix_optimized_prompt_layout_v1,358,1000.408,0.361924,981.0,mm2_hybrid_top5,1245.0,1332.06,2000,coreopt_prefix_layout_static_v1,static_analysis,642.408,retail
prefix_optimized_prompt_layout_v1,358,834.796,0.429809,829.0,mm3_compressed_hybrid_top5,906.0,920.0,2000,coreopt_prefix_layout_static_v1,static_analysis,476.796,airline
prefix_optimized_prompt_layout_v1,358,947.4135,0.380439,938.0,mm3_compressed_hybrid_top5,1183.55,1318.0,2000,coreopt_prefix_layout_static_v1,static_analysis,589.4135,finance
prefix_optimized_prompt_layout_v1,358,828.492,0.433415,846.0,mm3_compressed_hybrid_top5,907.0,915.0,2000,coreopt_prefix_layout_static_v1,static_analysis,470.492,healthcare_admin
prefix_optimized_prompt_layout_v1,358,1009.894,0.362957,927.0,mm3_compressed_hybrid_top5,1343.0,1490.0,2000,coreopt_prefix_layout_static_v1,static_analysis,651.894,research_ai
prefix_optimized_prompt_layout_v1,358,895.1675,0.403363,882.5,mm3_compressed_hybrid_top5,1084.0,1149.15,2000,coreopt_prefix_layout_static_v1,static_analysis,537.1675,retail
