backend_type,concurrency,config_id,engine,evidence_match_rate,generation_contract_valid_rate,gpu_telemetry_scope,grounded_rate,json_valid_rate,mean_e2e_latency_ms,mean_total_tokens_per_second,mean_tpot_ms,mean_ttft_ms,memory_mode,model_alias,model_id,requests_attempted,requests_completed,requests_failed,runtime,safety_violation_count,status,total_cost_usd,total_input_tokens,total_output_tokens
self_hosted_gpu,16,self_hosted_model3_7b_vllm_mm0_no_context_c16,vllm,0.085,0.7975,self_hosted_gpu,0.085,1.0,857.3595064278925,500.73505236134827,38.81287982277874,162.44719036505558,mm0_no_context,model3_7b,Qwen/Qwen2.5-7B-Instruct,400,400,0,vllm,0,COMPLETED,0.0,156544,7539
self_hosted_gpu,32,self_hosted_model3_7b_vllm_mm0_no_context_c32,vllm,0.0925,0.7975,self_hosted_gpu,0.0925,1.0,832.8318113280693,516.7509035645375,41.23192777323912,96.59253479214385,mm0_no_context,model3_7b,Qwen/Qwen2.5-7B-Instruct,400,400,0,vllm,0,COMPLETED,0.0,156544,7480
self_hosted_gpu,16,self_hosted_model3_7b_vllm_mm1_dense_top5_c16,vllm,0.6825,0.7975,self_hosted_gpu,0.68,1.0,1870.0202261429513,504.46588715958006,50.77601934037489,248.43560534936842,mm1_dense_top5,model3_7b,Qwen/Qwen2.5-7B-Instruct,400,400,0,vllm,5,COMPLETED,0.0,344463,13806
self_hosted_gpu,32,self_hosted_model3_7b_vllm_mm1_dense_top5_c32,vllm,0.68,0.8,self_hosted_gpu,0.68,1.0,2567.7345044293907,377.81725147301376,62.91049565091079,546.4685479848413,mm1_dense_top5,model3_7b,Qwen/Qwen2.5-7B-Instruct,400,400,0,vllm,5,COMPLETED,0.0,344463,13872
self_hosted_gpu,16,self_hosted_model3_7b_vllm_mm2_hybrid_top5_c16,vllm,0.68,0.8,self_hosted_gpu,0.68,1.0,1887.0662881532917,505.5616009933702,50.194063185945254,261.68972580635455,mm2_hybrid_top5,model3_7b,Qwen/Qwen2.5-7B-Instruct,400,400,0,vllm,4,COMPLETED,0.0,344463,13869
self_hosted_gpu,32,self_hosted_model3_7b_vllm_mm2_hybrid_top5_c32,vllm,0.68,0.8,self_hosted_gpu,0.68,1.0,2630.0679203053005,379.51714466290565,64.72261691229286,557.4595360335661,mm2_hybrid_top5,model3_7b,Qwen/Qwen2.5-7B-Instruct,400,400,0,vllm,4,COMPLETED,0.0,344463,13935
self_hosted_gpu,16,self_hosted_model3_7b_vllm_mm3_compressed_hybrid_top5_c16,vllm,0.6725,0.8,self_hosted_gpu,0.6725,1.0,1910.3378190653166,494.35636231061034,51.97119027296962,233.29560223850422,mm3_compressed_hybrid_top5,model3_7b,Qwen/Qwen2.5-7B-Instruct,400,400,0,vllm,4,COMPLETED,0.0,344463,13871
self_hosted_gpu,32,self_hosted_model3_7b_vllm_mm3_compressed_hybrid_top5_c32,vllm,0.675,0.8,self_hosted_gpu,0.675,1.0,2818.318821598077,352.41030486891736,73.84940275920239,481.62538377626333,mm3_compressed_hybrid_top5,model3_7b,Qwen/Qwen2.5-7B-Instruct,400,400,0,vllm,4,COMPLETED,0.0,344463,13844
self_hosted_gpu,16,self_hosted_model3_7b_vllm_mm4_bounded_agentic_c16,vllm,0.7025,0.8,self_hosted_gpu,0.7025,0.9925,1922.6770166005008,516.0161484124802,57.42740721893947,235.27379774022847,mm4_bounded_agentic,model3_7b,Qwen/Qwen2.5-7B-Instruct,400,400,0,vllm,2,COMPLETED,0.0,362463,12268
self_hosted_gpu,32,self_hosted_model3_7b_vllm_mm4_bounded_agentic_c32,vllm,0.7075,0.8,self_hosted_gpu,0.7075,0.995,2801.629527186742,369.6184570658519,77.98696528852184,561.5996635414194,mm4_bounded_agentic,model3_7b,Qwen/Qwen2.5-7B-Instruct,400,400,0,vllm,2,COMPLETED,0.0,362463,12273
self_hosted_gpu,16,self_hosted_model3_7b_sglang_mm0_no_context_c16,sglang,0.09,0.7975,self_hosted_gpu,0.09,1.0,978.0971728317672,440.74102762958245,39.412530309808446,157.33629415219184,mm0_no_context,model3_7b,Qwen/Qwen2.5-7B-Instruct,400,400,0,sglang,0,COMPLETED,0.0,156544,8726
self_hosted_gpu,32,self_hosted_model3_7b_sglang_mm0_no_context_c32,sglang,0.095,0.7975,self_hosted_gpu,0.095,1.0,953.0162362585543,472.68979129445063,38.99846931202435,127.65789980243426,mm0_no_context,model3_7b,Qwen/Qwen2.5-7B-Instruct,400,400,0,sglang,0,COMPLETED,0.0,156544,8785
self_hosted_gpu,16,self_hosted_model3_7b_sglang_mm1_dense_top5_c16,sglang,0.715,0.7975,self_hosted_gpu,0.7125,1.0,2002.360582567053,472.60808529018374,51.97540636459792,235.46402738196775,mm1_dense_top5,model3_7b,Qwen/Qwen2.5-7B-Instruct,400,400,0,sglang,6,COMPLETED,0.0,344463,14569
self_hosted_gpu,32,self_hosted_model3_7b_sglang_mm1_dense_top5_c32,sglang,0.7175,0.8,self_hosted_gpu,0.7175,1.0,2748.2085603062296,355.256789114207,61.01436940230616,644.1275314026279,mm1_dense_top5,model3_7b,Qwen/Qwen2.5-7B-Instruct,400,400,0,sglang,5,COMPLETED,0.0,344463,14634
self_hosted_gpu,16,self_hosted_model3_7b_sglang_mm2_hybrid_top5_c16,sglang,0.7125,0.8,self_hosted_gpu,0.7125,1.0,1989.4156387838302,474.46328890959177,50.8800867559392,239.98352982802317,mm2_hybrid_top5,model3_7b,Qwen/Qwen2.5-7B-Instruct,400,400,0,sglang,5,COMPLETED,0.0,344463,14737
self_hosted_gpu,32,self_hosted_model3_7b_sglang_mm2_hybrid_top5_c32,sglang,0.7175,0.8,self_hosted_gpu,0.7175,1.0,2740.330375164631,352.7623992726417,60.70267980206387,632.2787452669581,mm2_hybrid_top5,model3_7b,Qwen/Qwen2.5-7B-Instruct,400,400,0,sglang,5,COMPLETED,0.0,344463,14738
self_hosted_gpu,16,self_hosted_model3_7b_sglang_mm3_compressed_hybrid_top5_c16,sglang,0.695,0.8,self_hosted_gpu,0.695,1.0,2012.4082431470742,468.623870489727,52.34764739336188,222.60705959866755,mm3_compressed_hybrid_top5,model3_7b,Qwen/Qwen2.5-7B-Instruct,400,400,0,sglang,6,COMPLETED,0.0,344463,14639
self_hosted_gpu,32,self_hosted_model3_7b_sglang_mm3_compressed_hybrid_top5_c32,sglang,0.71,0.8,self_hosted_gpu,0.71,1.0,2817.5762124807807,347.2504734804637,64.92954397360424,603.440201470512,mm3_compressed_hybrid_top5,model3_7b,Qwen/Qwen2.5-7B-Instruct,400,400,0,sglang,5,COMPLETED,0.0,344463,14521
self_hosted_gpu,16,self_hosted_model3_7b_sglang_mm4_bounded_agentic_c16,sglang,0.7,0.8,self_hosted_gpu,0.7,1.0,2058.595774550922,482.0601455902862,58.0408224892759,228.84369351435453,mm4_bounded_agentic,model3_7b,Qwen/Qwen2.5-7B-Instruct,400,400,0,sglang,3,COMPLETED,0.0,362463,13228
self_hosted_gpu,32,self_hosted_model3_7b_sglang_mm4_bounded_agentic_c32,sglang,0.7025,0.8,self_hosted_gpu,0.7025,1.0,2848.7097523431294,366.08102946970547,73.05364385344431,561.3423991738819,mm4_bounded_agentic,model3_7b,Qwen/Qwen2.5-7B-Instruct,400,400,0,sglang,3,COMPLETED,0.0,362463,13192
api_provider,4,api_model6_gated_api_provider_route_mm0_no_context_c4,api_provider_route,0.31,0.7975,not_applicable_api_provider,0.31,1.0,1131.3464919186663,371.66422539731343,20.435038905836624,756.7300514597446,mm0_no_context,model6_gated,meta-llama/Llama-3.1-8B-Instruct,400,400,0,api_provider_route,0,COMPLETED,0.0035338300000000026,156544,8059
api_provider,4,api_model6_gated_api_provider_route_mm1_dense_top5_c4,api_provider_route,0.935,0.865,not_applicable_api_provider,0.805,0.9975,1402.9011810512748,661.8851312036131,15.252772321173603,817.2408590978011,mm1_dense_top5,model6_gated,meta-llama/Llama-3.1-8B-Instruct,400,400,0,api_provider_route,8,COMPLETED,0.0076862100000000015,344463,15939
api_provider,4,api_model6_gated_api_provider_route_mm2_hybrid_top5_c4,api_provider_route,0.945,0.875,not_applicable_api_provider,0.82,1.0,1307.1468033111887,701.4945477421663,13.346085729396759,803.374323733151,mm2_hybrid_top5,model6_gated,meta-llama/Llama-3.1-8B-Instruct,400,400,0,api_provider_route,9,COMPLETED,0.007673409999999998,344463,15683
api_provider,4,api_model6_gated_api_provider_route_mm3_compressed_hybrid_top5_c4,api_provider_route,0.93,0.8825,not_applicable_api_provider,0.815,1.0,1367.7405426558107,668.2556816749259,14.736717361280991,810.5593258125009,mm3_compressed_hybrid_top5,model6_gated,meta-llama/Llama-3.1-8B-Instruct,400,400,0,api_provider_route,7,COMPLETED,0.007678010000000002,344463,15775
api_provider,4,api_model6_gated_api_provider_route_mm4_bounded_agentic_c4,api_provider_route,0.9425,0.98,not_applicable_api_provider,0.925,0.9975,1409.4965783890802,690.0742094464387,15.244410406373463,771.4398503227858,mm4_bounded_agentic,model6_gated,meta-llama/Llama-3.1-8B-Instruct,400,400,0,api_provider_route,11,COMPLETED,0.00812521,362463,17519
